Title,Company,Location,Link
Senior Backend Engineer (Python/APIs),Belvo Technologies,"São Paulo, Brazil",https://stackoverflow.com/jobs/552501/senior-backend-engineer-python-apis-belvo-technologies
Senior Backend Engineer (Python/APIs),Belvo Technologies,"São Paulo, Brazil",https://stackoverflow.com/jobs/552501/senior-backend-engineer-python-apis-belvo-technologies
Senior Python/Django Full-stack Developer,Apicbase Belgium,No office location,https://stackoverflow.com/jobs/545356/senior-python-django-full-stack-developer-apicbase-belgium
Backend Developer (Django),Self Decode,No office location,https://stackoverflow.com/jobs/529107/backend-developer-django-self-decode
Django Developer Remote (f/m/d),Ambient,"Köln, Deutschland",https://stackoverflow.com/jobs/493874/django-developer-remote-f-m-d-ambient
Backend Engineer (Python/ Django),Sector Labs,"Dubai, United Arab Emirates",https://stackoverflow.com/jobs/518496/backend-engineer-python-django-sector-labs
Senior Python/Django Full-stack Developer,Apicbase Belgium,No office location,https://stackoverflow.com/jobs/515716/senior-python-django-full-stack-developer-apicbase-belgium
Lead/Senior Software Engineer (Python/Django),Sector Labs,"Dubai, United Arab Emirates",https://stackoverflow.com/jobs/551454/lead-senior-software-engineer-python-django-sector-labs
Software Architect (Django/Flask + React),Self Decode,No office location,https://stackoverflow.com/jobs/307459/software-architect-django-flask-plus-react-self-decode
"Python Back End Developer (FastAPI, Django, Celery)","Daupler, Inc.","Kansas City, MO",https://stackoverflow.com/jobs/523350/python-back-end-developer-fastapi-django-daupler-inc
Full Stack Developer (Django + React),Self Decode,No office location,https://stackoverflow.com/jobs/524866/full-stack-developer-django-plus-react-self-decode
Backend developer (Python/Django) with a passion for open source,5 Monkeys Agency ABvia5 Monkeys Agency AB,"Stockholm, Sweden",https://stackoverflow.com/jobs/546429/backend-developer-python-django-with-a-passion-5-monkeys-agency-ab
Backend developer (Python/Django) with a passion for open source,5 Monkeys Agency ABvia5 Monkeys Agency AB,"Göteborg, Sweden",https://stackoverflow.com/jobs/546428/backend-developer-python-django-with-a-passion-5-monkeys-agency-ab
Django Engineer (human) for Germany's leading local marketing platform,RegioHelden GmbH,"Stuttgart, Germany",https://stackoverflow.com/jobs/550852/django-engineer-human-for-germanys-leading-regiohelden-gmbh
Python/Django Developer - Corporate Sector | CCB Finance Technology,"JPMorgan Chase Bank, N.A.","Plano, TX",https://stackoverflow.com/jobs/548970/python-django-developer-corporate-sector-ccb-jpmorgan-chase-bank-na
Full Stack Engineer (React & Django),Sector Labs,"Cluj-Napoca, Romania",https://stackoverflow.com/jobs/518486/full-stack-engineer-react-django-sector-labs
"Senior Backend Developer Python/Django (m/w/d), Zurich",MoneyPark,"Zürich, Switzerland",https://stackoverflow.com/jobs/545501/senior-backend-developer-python-django-m-w-d-moneypark
"Senior Open Source Developer & DevOps (Python, Django, AWS, OpenStack)",OpenCraft,No office location,https://stackoverflow.com/jobs/453430/senior-open-source-developer-devops-python-opencraft
Software Engineering Associate - Firm-wide Forecasting Framework | Corporate Technology,"JPMorgan Chase Bank, N.A.","Plano, TX",https://stackoverflow.com/jobs/551907/software-engineering-associate-firm-wide-jpmorgan-chase-bank-na
Backend Engineer - Join us and help build revolutionary cancer  therapies,Anocca AB,"Stockholm, Sweden",https://stackoverflow.com/jobs/528390/backend-engineer-join-us-and-help-build-anocca-ab
Software Engineer,Slimmer AI,"Amsterdam, Netherlands",https://stackoverflow.com/jobs/552562/software-engineer-slimmer-ai
Senior Software Engineer,ComplyAdvantage,"London, UK",https://stackoverflow.com/jobs/504650/senior-software-engineer-complyadvantage
Full Stack Software Engineer,"JPMorgan Chase Bank, N.A.","Plano, TX",https://stackoverflow.com/jobs/551260/full-stack-software-engineer-jpmorgan-chase-bank-na
"Senior Software Engineer - Full-stack (Python, React)",Invitae Corporation,No office location,https://stackoverflow.com/jobs/522534/senior-software-engineer-full-stack-python-invitae-corporation
Senior Full-Stack Developer,Lastmile Retail,No office location,https://stackoverflow.com/jobs/523843/senior-full-stack-developer-lastmile-retail
Senior Software Developer,The Motley Fool Inc,No office location,https://stackoverflow.com/jobs/552168/senior-software-developer-the-motley-fool-inc
Software Engineer - Technical Learning Solutions,"JPMorgan Chase Bank, N.A.","London, UK",https://stackoverflow.com/jobs/549009/software-engineer-technical-learning-solutions-jpmorgan-chase-bank-na
Software Engineer - Technical Learning Solutions,"JPMorgan Chase Bank, N.A.","London, UK",https://stackoverflow.com/jobs/549009/software-engineer-technical-learning-solutions-jpmorgan-chase-bank-na
Développeur(se) Python Backend,Yescapa,"Bordeaux, France",https://stackoverflow.com/jobs/541264/d%C3%A9veloppeur-se-python-backend-yescapa
Python Team Lead Software Engineer,Tucows,No office location,https://stackoverflow.com/jobs/551730/python-team-lead-software-engineer-tucows
Senior Software Engineer,ComplyAdvantage,"London, UK",https://stackoverflow.com/jobs/504650/senior-software-engineer-complyadvantage
"Software Developers for our offices in Germany, France, and UK",Evotec SE,"Hamburg, Germany",https://stackoverflow.com/jobs/524299/software-developers-for-our-offices-in-germany-evotec-se
Senior Software Developer,The Motley Fool Inc,No office location,https://stackoverflow.com/jobs/552168/senior-software-developer-the-motley-fool-inc
Software Engineer (Monitoring System) - Working in Japan,LINE Fukuoka,"Fukuoka, Japan",https://stackoverflow.com/jobs/273841/software-engineer-monitoring-system-working-line-fukuoka
Web-/Software-Entwickler (m/w/d),Forschungsgruppe g/d/p,"Hamburg, Germany",https://stackoverflow.com/jobs/548442/web-software-entwickler-m-w-d-forschungsgruppe-g-d-p
Hiring Senior & Mid Software Engineers,Lightmatter,No office location,https://stackoverflow.com/jobs/523002/hiring-senior-mid-software-engineers-lightmatter
Back-End Developer (i.e. Python),Imaginary Cloud,No office location,https://stackoverflow.com/jobs/551989/back-end-developer-ie-python-imaginary-cloud
Backend Developer - APIs Team,Octopus Energy,"London, UK",https://stackoverflow.com/jobs/533658/backend-developer-apis-team-octopus-energy
Senior Full-Stack Engineer (m/f/d) - SAP Business Process Intelligence,Signavio,"Berlin, Germany",https://stackoverflow.com/jobs/542181/senior-full-stack-engineer-m-f-d-sap-business-signavio
Senior Software Entwickler:in (m/w/d),DKMS gemeinnützige GmbH,"Tübingen, Deutschland",https://stackoverflow.com/jobs/543477/senior-software-entwickler-in-m-w-d-dkms-gemeinn%C3%BCtzige-gmbh
Help reinvent industrial supply! Full-Stack Developer position open in Mexico,Pentalog,"Guadalajara, Mexico",https://stackoverflow.com/jobs/536810/help-reinvent-industrial-supply-full-stack-pentalog
Climate Risk Software Developer - Zurich,MSCI,"Zürich, Switzerland",https://stackoverflow.com/jobs/550258/climate-risk-software-developer-zurich-msci
Python Developer (Remote),Finsera,No office location,https://stackoverflow.com/jobs/524065/python-developer-remote-finsera
Intertoob Scanner Builder (Fullstack Engineer),Carve Systems,"Golden, CO",https://stackoverflow.com/jobs/517498/intertoob-scanner-builder-fullstack-engineer-carve-systems
Sr. Software Engineer I - Account Takeover,Flashpoint,No office location,https://stackoverflow.com/jobs/541124/sr-software-engineer-i-account-takeover-flashpoint
Sr. Full Stack Engineer- Python,AutoTrader,"Toronto, ON, Canada",https://stackoverflow.com/jobs/529021/sr-full-stack-engineer-python-autotrader
Senior Backend Engineer - Python,Cornershop,"São Paulo, Brazil",https://stackoverflow.com/jobs/515697/senior-backend-engineer-python-cornershop
Senior Back End Engineer,Computer FuturesviaComputer Futures Japan,"Tokyo, Japan",https://stackoverflow.com/jobs/551981/senior-back-end-engineer-computer-futures
Principal Python Engineer,ComplyAdvantage,"London, UK",https://stackoverflow.com/jobs/504216/principal-python-engineer-complyadvantage
React Front End Developer,"Daupler, Inc.","Kansas City, MO",https://stackoverflow.com/jobs/523351/react-front-end-developer-daupler-inc
Senior Software Engineer,Zearn,"New York, NY",https://stackoverflow.com/jobs/547917/senior-software-engineer-zearn
(Senior) Backend Python Developer (m/f/x),Alasco,"München, Germany",https://stackoverflow.com/jobs/388312/senior-backend-python-developer-m-f-x-alasco
Sr. Full Stack Engineer - MobileCoin (Unicorn Startup): Cryptocurrency Platform,MobileCoinviaSource Coders,No office location,https://stackoverflow.com/jobs/549143/sr-full-stack-engineer-mobilecoin-unicorn-mobilecoin
Sr. Full Stack Engineer - MobileCoin (Unicorn Startup): Cryptocurrency Platform,MobileCoinviaSource Coders,No office location,https://stackoverflow.com/jobs/549143/sr-full-stack-engineer-mobilecoin-unicorn-mobilecoin
Senior Python Engineer - Back End - Take Charge Of Our In-House CMS,Immersive Labs,No office location,https://stackoverflow.com/jobs/552495/senior-python-engineer-back-end-take-charge-immersive-labs
(Senior) Backend Python Developer (m/f/x),Alasco,"München, Germany",https://stackoverflow.com/jobs/388312/senior-backend-python-developer-m-f-x-alasco
Senior Python Developer,Marketer Technologies AS,"Oslo, Norway",https://stackoverflow.com/jobs/518200/senior-python-developer-marketer-technologies-as
Senior Software Developer Python (m/f/d),Ströer Online Marketing,"Hamburg, Deutschland",https://stackoverflow.com/jobs/462625/senior-software-developer-python-m-f-d-str%C3%B6er-online-marketing
Full Stack Engineer,Force Therapeutics,No office location,https://stackoverflow.com/jobs/552159/full-stack-engineer-force-therapeutics
Full Stack Developer (Python / React),Elorus,"Athens, Greece",https://stackoverflow.com/jobs/551867/full-stack-developer-python-react-elorus
Senior Backend Engineer - Python - México,Cornershop by Uber,No office location,https://stackoverflow.com/jobs/526139/senior-backend-engineer-python-m%C3%A9xico-cornershop-by-uber
Senior Full Stack Engineer (Remote),Sector Labs,No office location,https://stackoverflow.com/jobs/517508/senior-full-stack-engineer-remote-sector-labs
Senior Full Stack Engineer,Sector Labs,"Cluj-Napoca, Romania",https://stackoverflow.com/jobs/517510/senior-full-stack-engineer-sector-labs
Senior React Native and Python Engineer,Overloop,No office location,https://stackoverflow.com/jobs/552532/senior-react-native-and-python-engineer-overloop
Frontend Developer (Vue.js),The Motley Fool Inc,No office location,https://stackoverflow.com/jobs/536121/frontend-developer-vuejs-the-motley-fool-inc
Backend Engineer,Density,No office location,https://stackoverflow.com/jobs/528230/backend-engineer-density
Senior Python Back End Engineer - Tech Lead (Remote-LatAm),Loadsmart,No office location,https://stackoverflow.com/jobs/508341/senior-python-back-end-engineer-tech-lead-loadsmart
Remote Fullstack Entwicklerin (m/w/d),Ambient,"Köln, Deutschland",https://stackoverflow.com/jobs/536559/remote-fullstack-entwicklerin-m-w-d-ambient
Senior Bioinformatician,Centogene GmbH,"Berlin, Germany",https://stackoverflow.com/jobs/551588/senior-bioinformatician-centogene-gmbh
Senior Bioinformatician,Centogene GmbH,"Beograd, Serbia",https://stackoverflow.com/jobs/551589/senior-bioinformatician-centogene-gmbh
Python Developer (Remote),X-Team,No office location,https://stackoverflow.com/jobs/534454/python-developer-remote-x-team
(Senior) DevOps Cloud / AWS Engineer (m/f/x),Alasco,"München, Germany",https://stackoverflow.com/jobs/521980/senior-devops-cloud-aws-engineer-m-f-x-alasco
Senior Frontend Engineer,Singapore Innovate Pte. Ltd,Singapore,https://stackoverflow.com/jobs/529920/senior-frontend-engineer-singapore-innovate-pte-ltd
Web Developer (Full Stack),Singapore Innovate Pte. Ltd,Singapore,https://stackoverflow.com/jobs/533656/web-developer-full-stack-singapore-innovate-pte-ltd
Technical Lead (Backend) (M/F/D),VMRay,"Bochum, Deutschland",https://stackoverflow.com/jobs/443585/technical-lead-backend-m-f-d-vmray
Python Developer,Risk Focus,No office location,https://stackoverflow.com/jobs/552173/python-developer-risk-focus
Engineering Manager (Remote-LatAm),Loadsmart,No office location,https://stackoverflow.com/jobs/536851/engineering-manager-remote-latam-loadsmart
Senior Full Stack Engineer,BenchSci,"Toronto, ON, Canada",https://stackoverflow.com/jobs/520675/senior-full-stack-engineer-benchsci
"SENIOR FULL-STACK DEV WITH RUBY / PYTHON / REACT NATIVE -- 100% REMOTE, FLEXIBLE",Analytics Fire,No office location,https://stackoverflow.com/jobs/517987/senior-full-stack-dev-with-ruby-python-react-analytics-fire
"SENIOR FULL-STACK DEV WITH RUBY / PYTHON / REACT NATIVE -- 100% REMOTE, FLEXIBLE",Analytics Fire,No office location,https://stackoverflow.com/jobs/517987/senior-full-stack-dev-with-ruby-python-react-analytics-fire
"Software Engineer, Full-Stack",Navarino,"Pireas, Greece",https://stackoverflow.com/jobs/550696/software-engineer-full-stack-navarino
IT Business Analyst Customer Insights & Analytics (m/w/d),ALDI International Services GmbH & Co. oHG,"Mülheim, Germany",https://stackoverflow.com/jobs/548071/it-business-analyst-customer-insights-analytics-aldi-international-services
Solution Expert Mobile App - Android und iOS (m/w/d),ALDI International Services GmbH & Co. oHG,"Mülheim, Germany",https://stackoverflow.com/jobs/548412/solution-expert-mobile-app-android-und-ios-m-w-aldi-international-services
Product Owner Customer Data Science (m/w/d),ALDI International Services GmbH & Co. oHG,"Mülheim, Germany",https://stackoverflow.com/jobs/548036/product-owner-customer-data-science-m-w-d-aldi-international-services
"React/Vue Engineer, Digital Consumer Products, fully remote",Superformula,No office location,https://stackoverflow.com/jobs/461414/react-vue-engineer-digital-consumer-products-superformula
Software Engineer - Hypergrowth Biotech startup helping dogs!,Embark Veterinary Inc.,"Boston, MA",https://stackoverflow.com/jobs/526658/software-engineer-hypergrowth-biotech-startup-embark-veterinary-inc
Senior Front End developer,Apicbase Belgium,No office location,https://stackoverflow.com/jobs/526988/senior-front-end-developer-apicbase-belgium
Senior Fullstack Developer / Software Developer,Flo Energy,Singapore,https://stackoverflow.com/jobs/448287/senior-fullstack-developer-software-developer-flo-energy
Product Owner Customer Insights & Analytics (m/w/d),ALDI International Services GmbH & Co. oHG,"Mülheim, Germany",https://stackoverflow.com/jobs/548065/product-owner-customer-insights-analytics-m-w-aldi-international-services
Senior Python Engineer,Huxley Banking & Financial ServicesviaHuxley (US),"Boston, MA",https://stackoverflow.com/jobs/524663/senior-python-engineer-huxley-banking-financial
IT Cloud Data & Analytics Architect / Engineer (m/w/d),ALDI International Services GmbH & Co. oHG,"Mülheim, Germany",https://stackoverflow.com/jobs/545021/it-cloud-data-analytics-architect-engineer-m-aldi-international-services
Full Stack Software Engineer - ESG - AM Research Technology,"JPMorgan Chase Bank, N.A.","London, UK",https://stackoverflow.com/jobs/549767/full-stack-software-engineer-esg-am-research-jpmorgan-chase-bank-na
Senior Full Stack Software Engineer - ESG - AM Research Technology,"JPMorgan Chase Bank, N.A.","London, UK",https://stackoverflow.com/jobs/548519/senior-full-stack-software-engineer-esg-am-jpmorgan-chase-bank-na
Software Engineer - Frontend,ZALORA,"Ho Chi Minh City, Vietnam",https://stackoverflow.com/jobs/536783/software-engineer-frontend-zalora
Senior Software Engineer - Biotech startup helping dogs!,Embark Veterinary Inc.,"Boston, MA",https://stackoverflow.com/jobs/501211/senior-software-engineer-biotech-startup-embark-veterinary-inc
Mid/Senior Product Designer - UX (m/f/d) - Remote,Proemion,"Fulda, Deutschland",https://stackoverflow.com/jobs/550545/mid-senior-product-designer-ux-m-f-d-remote-proemion
SAP BW Engineer - SAP Business Intelligence Supply Chain Management (m/w/d),ALDI International Services GmbH & Co. oHG,"Mülheim, Germany",https://stackoverflow.com/jobs/544751/sap-bw-engineer-sap-business-intelligence-aldi-international-services
ESG Software Engineer - AM Research Technology,"JPMorgan Chase Bank, N.A.","London, UK",https://stackoverflow.com/jobs/552261/esg-software-engineer-am-research-technology-jpmorgan-chase-bank-na
Senior Node.js Developer,Jibble,No office location,https://stackoverflow.com/jobs/551037/senior-nodejs-developer-jibble
Lead Software Engineer - Hypergrowth Biotech startup helping dogs!,Embark Veterinary Inc.,"Boston, MA",https://stackoverflow.com/jobs/510445/lead-software-engineer-hypergrowth-biotech-embark-veterinary-inc
Platforms Engineer for a Cryptocurrency Startup,Chorus One,No office location,https://stackoverflow.com/jobs/457423/platforms-engineer-for-a-cryptocurrency-startup-chorus-one
Software Engineer (Backend) (m/f/d),QuantCo,"Berlin, Germany",https://stackoverflow.com/jobs/409511/software-engineer-backend-m-f-d-quantco
Engineering Manager,ZALORA,Singapore,https://stackoverflow.com/jobs/535352/engineering-manager-zalora
Senior Frontend Engineer - Databento (Fully Remote),Unusual Ventures,No office location,https://stackoverflow.com/jobs/524277/senior-frontend-engineer-databento-fully-unusual-ventures
Staff Software Engineer - Front End -R12641,"Chewy, Inc.","Bellevue, WA",https://stackoverflow.com/jobs/550618/staff-software-engineer-front-end-r12641-chewy-inc
Staff Software Engineer - Front End -R12641,"Chewy, Inc.","Bellevue, WA",https://stackoverflow.com/jobs/550618/staff-software-engineer-front-end-r12641-chewy-inc
Front End Software Developer (remote - EU),Optimile,"Ghent, Belgium",https://stackoverflow.com/jobs/551294/front-end-software-developer-remote-eu-optimile
Software Engineer (Backend) (m/f/d),QuantCo,"Berlin, Germany",https://stackoverflow.com/jobs/409511/software-engineer-backend-m-f-d-quantco
"Full-Stack Developer: renewable energy platform back-end | Node.js, TypeScript",SennenviaTechfolk Ltd,No office location,https://stackoverflow.com/jobs/539493/full-stack-developer-renewable-energy-platform-sennen
Digital - API - Lead Software Engineer - SDKs and Connectors,FactSet,"Boston, MA",https://stackoverflow.com/jobs/465686/digital-api-lead-software-engineer-sdks-and-factset
Senior Backend Engineer,Pollen,"London, UK",https://stackoverflow.com/jobs/522622/senior-backend-engineer-pollen
Senior Software Engineer,ZALORA,"Quận 4, Vietnam",https://stackoverflow.com/jobs/512674/senior-software-engineer-zalora
Senior Software Engineer (Python),Wallbox Chargers SL,"Barcelona, Spain",https://stackoverflow.com/jobs/548850/senior-software-engineer-python-wallbox-chargers-sl
IT Architect Integration Architecture & Operations (m/w/d),ALDI International Services GmbH & Co. oHG,"Mülheim, Germany",https://stackoverflow.com/jobs/550521/it-architect-integration-architecture-aldi-international-services
"Senior Python Engineer, Backend (Remote)",AssemblyAI,"San Francisco, CA",https://stackoverflow.com/jobs/540026/senior-python-engineer-backend-remote-assemblyai
Fullstack Python Developer,Cegeka Group,"Hasselt, Belgium",https://stackoverflow.com/jobs/529616/fullstack-python-developer-cegeka-group
Database Engineer,ZALORA,"Kuala Lumpur, Malaysia",https://stackoverflow.com/jobs/522390/database-engineer-zalora
Front-End Developer (i.e. Angular.js),Imaginary Cloud,No office location,https://stackoverflow.com/jobs/551631/front-end-developer-ie-angularjs-imaginary-cloud
PostgreSQL DBA,CYBERTEC PostgreSQL International GmbH,"Wöllersdorf, Österreich",https://stackoverflow.com/jobs/519473/postgresql-dba-cybertec-postgresql
Principal Software Engineer,ZALORA,"Phường 13, Vietnam",https://stackoverflow.com/jobs/521978/principal-software-engineer-zalora
"Senior Software Engineer, Backend - Landscape",Canonical,No office location,https://stackoverflow.com/jobs/551337/senior-software-engineer-backend-landscape-canonical
Frontend Developer,Octopus Energy,"London, UK",https://stackoverflow.com/jobs/533659/frontend-developer-octopus-energy
Developer Integration Architecture & Operations (m/w/d),ALDI International Services GmbH & Co. oHG,"Mülheim, Germany",https://stackoverflow.com/jobs/550534/developer-integration-architecture-operations-aldi-international-services
Senior Node.js Engineer (m/f/d),Fashion Cloud,"Amsterdam, Netherlands",https://stackoverflow.com/jobs/465988/senior-nodejs-engineer-m-f-d-fashion-cloud
Full-stack / front-end / back-end -kehittäjiä luomaan älykkäitä kaupunkeja,Sitowise,"Espoo, Finland",https://stackoverflow.com/jobs/488336/full-stack-front-end-back-end-kehitt%C3%A4ji%C3%A4-sitowise
Solution Architect - Adobe Campaign Classic (m/w/d),ALDI International Services GmbH & Co. oHG,"Mülheim, Germany",https://stackoverflow.com/jobs/548072/solution-architect-adobe-campaign-classic-m-w-aldi-international-services
Software Engineer,On,"Berlin, Germany",https://stackoverflow.com/jobs/486363/software-engineer-on
Full Stack Software Engineer,Zearn,"New York, NY",https://stackoverflow.com/jobs/550912/full-stack-software-engineer-zearn
Senior Front-end Developer,Marketer Technologies AS,"Oslo, Norway",https://stackoverflow.com/jobs/541502/senior-front-end-developer-marketer-technologies-as
Senior Software Developer,Komodo,"Christchurch, New Zealand",https://stackoverflow.com/jobs/551495/senior-software-developer-komodo
Backend Developer (PHP/Symfony) (Work Remotely Anywhere In Europe!),InterNations,"Munich, Germany",https://stackoverflow.com/jobs/548561/backend-developer-php-symfony-work-remotely-internations
Backend Developer (PHP/Symfony) (Work Remotely Anywhere In Europe!),InterNations,"Munich, Germany",https://stackoverflow.com/jobs/548561/backend-developer-php-symfony-work-remotely-internations
Senior Node.js Engineer (m/f/d),Fashion Cloud,"Amsterdam, Netherlands",https://stackoverflow.com/jobs/465988/senior-nodejs-engineer-m-f-d-fashion-cloud
Senior Full Stack Engineer,Versatile Natures,"Tel Aviv-Yafo, Israel",https://stackoverflow.com/jobs/513775/senior-full-stack-engineer-versatile-natures
Customer Data Analyst - Loyalty and Value-Added Services (m/w/d),ALDI International Services GmbH & Co. oHG,"Mülheim, Germany",https://stackoverflow.com/jobs/548410/customer-data-analyst-loyalty-and-value-added-aldi-international-services
Forever Remote Position | 100% Remote Node Engineer | G2i Collective,G2i Inc,No office location,https://stackoverflow.com/jobs/405883/forever-remote-position-100-remote-node-g2i-inc
Senior Front-end Developer,Marketer Technologies AS,"Oslo, Norway",https://stackoverflow.com/jobs/541502/senior-front-end-developer-marketer-technologies-as
Node.js Engineer (m/f/d),Fashion Cloud,"Amsterdam, Netherlands",https://stackoverflow.com/jobs/460037/nodejs-engineer-m-f-d-fashion-cloud
Node.js Engineer (m/f/d),Fashion Cloud,"Hamburg, Germany",https://stackoverflow.com/jobs/521823/nodejs-engineer-m-f-d-fashion-cloud
Full Stack Developer,Ensign InfoSecurity (Cybersecurity) Pte Ltd,Singapore,https://stackoverflow.com/jobs/534276/full-stack-developer-ensign-infosecurity
Principal Software Engineer- R9380,"Chewy, Inc.","Boston, MA",https://stackoverflow.com/jobs/526633/principal-software-engineer-r9380-chewy-inc
(Junior) Frontend React Engineer (m/f/x),Alasco,"München, Germany",https://stackoverflow.com/jobs/348995/junior-frontend-react-engineer-m-f-x-alasco
Senior Software Engineer - Order Management Systems R10501,"Chewy, Inc.","Minneapolis, MN",https://stackoverflow.com/jobs/545544/senior-software-engineer-order-management-chewy-inc
Solution Architect Marketing Solution (m/w/d),ALDI International Services GmbH & Co. oHG,"Mülheim, Germany",https://stackoverflow.com/jobs/547894/solution-architect-marketing-solution-m-w-d-aldi-international-services
"Senior Software Engineer, UI- Pet Health- R8094","Chewy, Inc.","Minneapolis, MN",https://stackoverflow.com/jobs/513973/senior-software-engineer-ui-pet-health-r8094-chewy-inc
"Senior Software Engineer, UI - Pet Health-R8094","Chewy, Inc.","Boston, MA",https://stackoverflow.com/jobs/513971/senior-software-engineer-ui-pet-health-r8094-chewy-inc
Software Engineer – React,LifeOmic,"Indianapolis, IN",https://stackoverflow.com/jobs/519007/software-engineer-react-lifeomic
"Mobile Flutter Engineer, Digital Consumer Products, US-based fully remote",Superformula,No office location,https://stackoverflow.com/jobs/552169/mobile-flutter-engineer-digital-consumer-superformula
"100% Remote | Senior React, React Native, or Node Developer | Forever Remote",G2i Inc,No office location,https://stackoverflow.com/jobs/516148/100-remote-senior-react-react-native-or-node-g2i-inc
Back-End Engineer: Java & Python | build cloud & compute orchestration product,YellowDogviaTechfolk Ltd,"Bristol, UK",https://stackoverflow.com/jobs/541070/back-end-engineer-java-python-build-cloud-yellowdog
Back-End Developer (i.e. GO),Imaginary Cloud,No office location,https://stackoverflow.com/jobs/551199/back-end-developer-ie-go-imaginary-cloud
Python Backend Engineer,Skillhouse Staffing Solutions,"Tokyo, Japan",https://stackoverflow.com/jobs/465919/python-backend-engineer-skillhouse-staffing-solutions
Software Engineer (JavaScript),On,"Berlin, Germany",https://stackoverflow.com/jobs/537829/software-engineer-javascript-on
Engineering Lead - Cairo - Egypt,Vezeeta,"Masr Al Jadidah, Egypt",https://stackoverflow.com/jobs/373791/engineering-lead-cairo-egypt-vezeeta
Back-End Developer (i.e. Node.js),Imaginary Cloud,No office location,https://stackoverflow.com/jobs/551351/back-end-developer-ie-nodejs-imaginary-cloud
Senior Full Stack Engineer,Balto Software,No office location,https://stackoverflow.com/jobs/478822/senior-full-stack-engineer-balto-software
Ruby / Elixir / Python / Go Developer,Scripbox,"Bengaluru, India",https://stackoverflow.com/jobs/463464/ruby-elixir-python-go-developer-scripbox
Ruby / Elixir / Python / Go Developer,Scripbox,"Bengaluru, India",https://stackoverflow.com/jobs/463464/ruby-elixir-python-go-developer-scripbox
Software Engineer - Infrastructure,Chorus One,No office location,https://stackoverflow.com/jobs/552285/software-engineer-infrastructure-chorus-one
Front End Developer,Greenhost,"Amsterdam, Netherlands",https://stackoverflow.com/jobs/524919/front-end-developer-greenhost
Senior Software Engineer - Order Management Systems R10501,"Chewy, Inc.","Dania Beach, FL",https://stackoverflow.com/jobs/545542/senior-software-engineer-order-management-chewy-inc
Full Stack Developer,Ensign InfoSecurity (Cybersecurity) Pte Ltd,Singapore,https://stackoverflow.com/jobs/534276/full-stack-developer-ensign-infosecurity
C# .NET -- Senior Backend Engineer,Superformula,No office location,https://stackoverflow.com/jobs/547958/c-sharp-net-senior-backend-engineer-superformula
Sr. Full Stack Developer in MedTech (m/f/d) - (Help build new team),Smart Reporting GmbH,"State of Minas Gerais, Brazil",https://stackoverflow.com/jobs/331710/sr-full-stack-developer-in-medtech-m-f-d-smart-reporting-gmbh
Principal Software Engineer (R9380),"Chewy, Inc.","Minneapolis, MN",https://stackoverflow.com/jobs/526632/principal-software-engineer-r9380-chewy-inc
Senior Full-stack Web Developer,F-Secure,"Basingstoke, UK",https://stackoverflow.com/jobs/535566/senior-full-stack-web-developer-f-secure
Lead WordPress Engineer,XWP,No office location,https://stackoverflow.com/jobs/513454/lead-wordpress-engineer-xwp
Senior Software Engineer - Order Management Systems R10501,"Chewy, Inc.","Boston, MA",https://stackoverflow.com/jobs/545543/senior-software-engineer-order-management-chewy-inc
Application Engineer QA & Information Security (m/w/d),Motius GmbH,"München, Deutschland",https://stackoverflow.com/jobs/552160/application-engineer-qa-information-security-m-motius-gmbh
SW developer for business intelligence tools,Intel Corporation,"Guadalajara, Mexico",https://stackoverflow.com/jobs/529916/sw-developer-for-business-intelligence-tools-intel-corporation
Sr. Software Developer Engineer in Test R11255,"Chewy, Inc.","Boston, MA",https://stackoverflow.com/jobs/545546/sr-software-developer-engineer-in-test-r11255-chewy-inc
Javascript Developer (React.js/Node.js),Imaginary Cloud,No office location,https://stackoverflow.com/jobs/550583/javascript-developer-reactjs-nodejs-imaginary-cloud
"Full Stack Developer, CMS","U.S. News & World Report, Inc.",No office location,https://stackoverflow.com/jobs/468941/full-stack-developer-cms-us-news-world-report-inc
Principal Software Engineer - R12597,"Chewy, Inc.","Bellevue, WA",https://stackoverflow.com/jobs/550621/principal-software-engineer-r12597-chewy-inc
Sr. Software Developer Engineer in Test R11255,"Chewy, Inc.","Minneapolis, MN",https://stackoverflow.com/jobs/545545/sr-software-developer-engineer-in-test-r11255-chewy-inc
R&D Software Engineer - Remote Optional,Tenet3,"Dayton, OH",https://stackoverflow.com/jobs/548897/r-d-software-engineer-remote-optional-tenet3
Senior Software Engineer/Team Lead (PHP) - Strategic Products,NFQ Technologies,"Vilnius, Lithuania",https://stackoverflow.com/jobs/551731/senior-software-engineer-team-lead-php-nfq-technologies
Senior Software Engineer - R12638,"Chewy, Inc.","Bellevue, WA",https://stackoverflow.com/jobs/550619/senior-software-engineer-r12638-chewy-inc
Fullstack Developer (m/f/d) React & (Python or PHP),Quadriga Media Berlin GmbH,"Berlin, Deutschland",https://stackoverflow.com/jobs/545979/fullstack-developer-m-f-d-react-python-or-quadriga-media-berlin-gmbh
DevOps Engineer,Float.com,"New York, NY",https://stackoverflow.com/jobs/547948/devops-engineer-floatcom
Engineering Manager (Ruby on Rails) - OPEN TO REMOTE,The RealReal,No office location,https://stackoverflow.com/jobs/530707/engineering-manager-ruby-on-rails-open-to-the-realreal
Oracle Cloud Functional Developer-R9043,"Chewy, Inc.","Dania Beach, FL",https://stackoverflow.com/jobs/535300/oracle-cloud-functional-developer-r9043-chewy-inc
Application Engineer QA & Information Security (m/w/d),Motius GmbH,"München, Deutschland",https://stackoverflow.com/jobs/552160/application-engineer-qa-information-security-m-motius-gmbh
Application Engineer QA & Information Security (m/w/d),Motius GmbH,"München, Deutschland",https://stackoverflow.com/jobs/552160/application-engineer-qa-information-security-m-motius-gmbh
Senior Full-stack Web Developer,F-Secure,"Basingstoke, UK",https://stackoverflow.com/jobs/535566/senior-full-stack-web-developer-f-secure
Software Engineer - Full Stack,General Dynamics UK,No office location,https://stackoverflow.com/jobs/551621/software-engineer-full-stack-general-dynamics-uk
Senior Java Software Engineer - Pet Health (R8422),"Chewy, Inc.","Minneapolis, MN",https://stackoverflow.com/jobs/523901/senior-java-software-engineer-pet-health-r8422-chewy-inc
Senior Software Engineer/Team Lead (PHP) - Email Marketing/CRM,NFQ Technologies,"Vilnius, Lithuania",https://stackoverflow.com/jobs/538296/senior-software-engineer-team-lead-php-email-nfq-technologies
Data Engineer- Analytics and Reporting Platform,"JPMorgan Chase Bank, N.A.","Columbus, OH",https://stackoverflow.com/jobs/552427/data-engineer-analytics-and-reporting-platform-jpmorgan-chase-bank-na
Ruby / Elixir / Python / Go Developer,Scripbox,"Bengaluru, India",https://stackoverflow.com/jobs/463464/ruby-elixir-python-go-developer-scripbox
Oracle Cloud Functional Developer-R9043,"Chewy, Inc.","Dania Beach, FL",https://stackoverflow.com/jobs/535300/oracle-cloud-functional-developer-r9043-chewy-inc
Webdeveloper Backend experienced with PHP / Symfony 4,roadsurfer GmbH,"München, Deutschland",https://stackoverflow.com/jobs/504969/webdeveloper-backend-experienced-with-php-roadsurfer-gmbh
SW developer for business intelligence tools,Intel Corporation,"Guadalajara, Mexico",https://stackoverflow.com/jobs/529916/sw-developer-for-business-intelligence-tools-intel-corporation
Fullstack Professional with PHP/Symfony 4 & vue.js experience,roadsurfer GmbH,"München, Deutschland",https://stackoverflow.com/jobs/497587/fullstack-professional-with-php-symfony-4-roadsurfer-gmbh
Senior Software Development Engineer in Test (SDET) Remote,The RealReal,No office location,https://stackoverflow.com/jobs/549153/senior-software-development-engineer-in-test-the-realreal
Software Engineer - Entry Level/Graduate,General Dynamics UK,No office location,https://stackoverflow.com/jobs/545255/software-engineer-entry-level-graduate-general-dynamics-uk
Oracle Cloud Functional Developer-R9043,"Chewy, Inc.","Boston, MA",https://stackoverflow.com/jobs/535299/oracle-cloud-functional-developer-r9043-chewy-inc
"Software Development Manager, Content & Blogging Platform (R8214)","Chewy, Inc.","Minneapolis, MN",https://stackoverflow.com/jobs/523906/software-development-manager-content-blogging-chewy-inc
Senior Cloud Engineer/Team Lead,NFQ Technologies,"Vilnius, Lithuania",https://stackoverflow.com/jobs/546445/senior-cloud-engineer-team-lead-nfq-technologies
Experienced Ruby Developer,SimplePay,No office location,https://stackoverflow.com/jobs/516780/experienced-ruby-developer-simplepay
Staff Software Engineer - OPEN TO REMOTE,The RealReal,No office location,https://stackoverflow.com/jobs/530699/staff-software-engineer-open-to-remote-the-realreal
Technical Software Engineer Lead - (with Architecture knowledge) - Vice President...,"JPMorgan Chase Bank, N.A.","Bournemouth, UK",https://stackoverflow.com/jobs/552216/technical-software-engineer-lead-with-jpmorgan-chase-bank-na
Staff Software Engineer - Javascript,Storable,No office location,https://stackoverflow.com/jobs/539531/staff-software-engineer-javascript-storable
Senior Software Developer,"Bankhead Technologies, Inc.","Las Vegas, NV",https://stackoverflow.com/jobs/491988/senior-software-developer-bankhead-technologies-inc
Python Software Engineer- Network Support,"JPMorgan Chase Bank, N.A.","Plano, TX",https://stackoverflow.com/jobs/548998/python-software-engineer-network-support-jpmorgan-chase-bank-na
Data Engineer / Senior Data Engineer (Singapore),Lynx Analytics,Singapore,https://stackoverflow.com/jobs/434352/data-engineer-senior-data-engineer-singapore-lynx-analytics
Senior Android Engineer,Livefront,"Minneapolis, MN",https://stackoverflow.com/jobs/521510/senior-android-engineer-livefront
Senior BI Developer,BET Software,"Umhlanga, South Africa",https://stackoverflow.com/jobs/531183/senior-bi-developer-bet-software
Java DevOps Software Engineer,"JPMorgan Chase Bank, N.A.","Glasgow, UK",https://stackoverflow.com/jobs/549238/java-devops-software-engineer-jpmorgan-chase-bank-na
Java DevOps Software Engineer,"JPMorgan Chase Bank, N.A.","Glasgow, UK",https://stackoverflow.com/jobs/549238/java-devops-software-engineer-jpmorgan-chase-bank-na
Python Software Engineer- Network Support,"JPMorgan Chase Bank, N.A.","Plano, TX",https://stackoverflow.com/jobs/548998/python-software-engineer-network-support-jpmorgan-chase-bank-na
Senior BI Developer,BET Software,"Umhlanga, South Africa",https://stackoverflow.com/jobs/531183/senior-bi-developer-bet-software
Laravel Jedi,Creative Force Ltd,No office location,https://stackoverflow.com/jobs/527987/laravel-jedi-creative-force-ltd
Data Scientist / Senior Data Scientist (Jakarta or Singapore),Lynx Analytics,Singapore,https://stackoverflow.com/jobs/408159/data-scientist-senior-data-scientist-jakarta-lynx-analytics
Principal Full Stack Engineer,Sector Labs,"Cluj-Napoca, Romania",https://stackoverflow.com/jobs/517511/principal-full-stack-engineer-sector-labs
Senior Linux Software & Network Developer,"Berryville Holdings, LLC",No office location,https://stackoverflow.com/jobs/546355/senior-linux-software-network-developer-berryville-holdings-llc
Staff Machine Learning Engineer - REMOTE,The RealReal,"San Francisco, CA",https://stackoverflow.com/jobs/552039/staff-machine-learning-engineer-remote-the-realreal
Sr. Software Engineer (Fullstack),ZverseviaTechCXO,No office location,https://stackoverflow.com/jobs/550740/sr-software-engineer-fullstack-zverse
Senior Android Engineer,Livefront,"Minneapolis, MN",https://stackoverflow.com/jobs/521510/senior-android-engineer-livefront
Senior Platform Engineer,Aiven Australia Pty Ltd,"The Rocks, Australia",https://stackoverflow.com/jobs/483232/senior-platform-engineer-aiven-australia-pty-ltd
Senior Software Engineer / Ruby or Elixir/ Remote,The RealReal,No office location,https://stackoverflow.com/jobs/522850/senior-software-engineer-ruby-or-elixir-remote-the-realreal
Senior Cloud Infrastructure Engineer,The RealReal,"San Francisco, CA",https://stackoverflow.com/jobs/552029/senior-cloud-infrastructure-engineer-the-realreal
Backend Engineer,Akselos S.A.,"Lausanne, Switzerland",https://stackoverflow.com/jobs/519931/backend-engineer-akselos-sa
Data Science and Analytics Engineer,MITRE,"McLean, VA",https://stackoverflow.com/jobs/523959/data-science-and-analytics-engineer-mitre
Principal Software Engineer (Fully Remote) E-Comm experience required,The RealReal,"San Francisco, CA",https://stackoverflow.com/jobs/524509/principal-software-engineer-fully-remote-e-comm-the-realreal
C++ (Senior) Developer (f/m/d) for HANA Database Backup & Recovery,SAP,"Berlin, Germany",https://stackoverflow.com/jobs/550861/c-plus-plus-senior-developer-f-m-d-for-hana-database-sap
Engineering Manager,NowPow,"Chicago, IL",https://stackoverflow.com/jobs/549131/engineering-manager-nowpow
Staff Engineer - Frontend,BenchSci,"Toronto, ON, Canada",https://stackoverflow.com/jobs/520677/staff-engineer-frontend-benchsci
Network Engineer,The RealReal,"Phoenix, AZ",https://stackoverflow.com/jobs/536588/network-engineer-the-realreal
